product_name;sku;url;product_description
My Body Lines - Pack Peso Saludable;4,26042E+12;https://sanaexpert.es/collections/todos/products/figur-aktiv-baiome-forte-pastillas-para-adelgazar-quemagrasas-glucomanano-konjac-cafe-verde-alcachofa-te-verde-natural;
Pack Flora Detox;4,26042E+12;https://sanaexpert.es/collections/todos/products/pack-flora-detox-mejora-tu-sistema-digestivo-probioticos-hinchazon-complementos-vitaminicos;
Pack Huesos Fuertes;4,26042E+12;https://sanaexpert.es/collections/todos/products/arthro-forte-osteo-forte-complemento-alimenticio-natural-articulaciones-huesos-glucosamina-calcio-zinc-vitamina-d3;
Pack Love is in the Air;4,26042E+12;https://sanaexpert.es/collections/todos/products/love-is-in-the-air-pack-fertilidad-masculina-femenina-natalis-pre-vita-fertil-concebir-infertilidad-futura-mama-futuro-papa-semana-12-embarazo-natural-complemento-alimenticio;
Pack Salud;4,26042E+12;https://sanaexpert.es/collections/todos/products/pack-salud-omega-3-reducir-colesterol-digestion-detox-antiinflamatorio-acerola-alcachofa;
Pack Venus - Pack Belleza;4,26042E+12;https://sanaexpert.es/collections/todos/products/pack-venus-complemento-alimenticio-natural-nutricosmetica-haar-forte-acai-berry-elabeaute-piel-colageno-caida-pelo-biotina-fortalecer-unas;
SanaExpert Acai Berry - 1 Unidad;4,26042E+12;https://sanaexpert.es/collections/todos/products/acai-berry-complemento-alimenticio-acelerar-metabolismo-radicales-libres-natural-vegano;
SanaExpert Acai Berry - Pack x 3;4,26042E+12;https://sanaexpert.es/collections/todos/products/acai-berry-complemento-alimenticio-acelerar-metabolismo-radicales-libres-natural-vegano;
SanaExpert Amino Liquid;4,26026E+12;https://sanaexpert.es/collections/todos/products/amino-liquid-natural-nutricion-deportiva-aminoacidos-entrene-l-arginina-rendimiento-recuperacion-deportiva;
SanaExpert Arthro Forte;4,26042E+12;https://sanaexpert.es/collections/todos/products/arthro-forte-complemento-alimenticio-natural-artrosis-articulaciones-huesos-glucosamina;
SanaExpert Baiome Forte - 1 Unidad;4,26042E+12;https://sanaexpert.es/collections/todos/products/baiome-forte-complejo-vitaminico-natural-quemagrasas-pastillas-para-adelgazar-te-verde-cafe-verde-capsulas-alcachofa;
SanaExpert Baiome Forte - Pack x 3;4,26042E+12;https://sanaexpert.es/collections/todos/products/baiome-forte-complejo-vitaminico-natural-quemagrasas-pastillas-para-adelgazar-te-verde-cafe-verde-capsulas-alcachofa;
SanaExpert BCAA Intense;4,26042E+12;https://sanaexpert.es/collections/todos/products/bcaa-intense-nutricion-deportiva-aminoacidos-naturales-bca-entrenamiento-masa-muscular-vegano-vegetariano;
SanaExpert Collagen Beauty Elixir;4,26042E+12;https://sanaexpert.es/collections/todos/products/beauty-elixir-vitaminas-nutricosmetica-natural-acido-hialuronico-biotina-colageno-micronutrientes;
SanaExpert Creatine Pro (Creapure�);4,26042E+12;https://sanaexpert.es/collections/todos/products/creatine-pro-complejo-vitaminico-natural-creatina-creapure-entrenamiento-deporte-aminoacidos-rendimiento-deportivo;
SanaExpert ElaBeaut�;4,26042E+12;https://sanaexpert.es/collections/todos/products/elabeaute-complemento-alimenticio-natural-hidratacion-piel-pelo-unas-colageno-verisol;
SanaExpert Feel Good Mama;4,26042E+12;https://sanaexpert.es/collections/todos/products/feel-good-mama-maternidad-lactancia-previene-caida-del-pelo-natalis-lact-haar-forte;
SanaExpert Figur Aktiv - 1 Unidad;4,26026E+12;https://sanaexpert.es/collections/todos/products/figur-aktiv-pastillas-para-adelgazar-konjac-glucomanano-perder-peso-natural;
SanaExpert Figur Aktiv - Pack x 3;4,26042E+12;https://sanaexpert.es/collections/todos/products/figur-aktiv-pastillas-para-adelgazar-konjac-glucomanano-perder-peso-natural;
SanaExpert Gastro Forte;4,26042E+12;https://sanaexpert.es/collections/todos/products/gastro-forte-complejo-vitaminico-natural-lactobacillus-helicobacter-pylori-ardor-de-estomago;
SanaExpert Haar Forte - 1 unidad;4,26042E+12;https://sanaexpert.es/collections/todos/products/haar-forte-complemento-alimenticio-caida-pelo-biotina-fortalecer-unas-vegano;
SanaExpert Haar Forte - Pack x 2;4,26042E+12;https://sanaexpert.es/collections/todos/products/haar-forte-complemento-alimenticio-caida-pelo-biotina-fortalecer-unas-vegano;
SanaExpert Haar Forte - Pack x 3;4,26042E+12;https://sanaexpert.es/collections/todos/products/haar-forte-complemento-alimenticio-caida-pelo-biotina-fortalecer-unas-vegano;
SanaExpert Haar Forte Gold - 1 Unidad;4,26042E+12;https://sanaexpert.es/collections/todos/products/sanaexpert-haar-forte-gold-crecimiento-del-pelo-l-metionina-l-metionina-biotina-zinc;
SanaExpert Haar Forte Gold - Pack 2;4,26237E+12;https://sanaexpert.es/collections/todos/products/sanaexpert-haar-forte-gold-crecimiento-del-pelo-l-metionina-l-metionina-biotina-zinc;
SanaExpert Haar Forte Gold - Pack 3;4,26237E+12;https://sanaexpert.es/collections/todos/products/sanaexpert-haar-forte-gold-crecimiento-del-pelo-l-metionina-l-metionina-biotina-zinc;
SanaExpert Immun Forte - 1 Unidad;4,26042E+12;https://sanaexpert.es/collections/todos/products/immun-forte-multivitaminas-sistema-inmune-omega-3-vitamina-c-natural;
SanaExpert Immun Forte - Pack x 2;4,26042E+12;https://sanaexpert.es/collections/todos/products/immun-forte-multivitaminas-sistema-inmune-omega-3-vitamina-c-natural;
SanaExpert Immun Forte - Pack x 3;4,26042E+12;https://sanaexpert.es/collections/todos/products/immun-forte-multivitaminas-sistema-inmune-omega-3-vitamina-c-natural;
SanaExpert LeberVital Pro - 1 Unidad;4,26042E+12;https://sanaexpert.es/collections/todos/products/lebervital-pro-indigestion-sistema-digestivo-purificacion-detox-acerola-alcachofa-natural-vegano;
SanaExpert LeberVital Pro - Pack x 2;4,26042E+12;https://sanaexpert.es/collections/todos/products/lebervital-pro-indigestion-sistema-digestivo-purificacion-detox-acerola-alcachofa-natural-vegano;
SanaExpert LeberVital Pro - Pack x 3;4,26042E+12;https://sanaexpert.es/collections/todos/products/lebervital-pro-indigestion-sistema-digestivo-purificacion-detox-acerola-alcachofa-natural-vegano;
SanaExpert Melatonin Plus;4,26042E+12;https://sanaexpert.es/collections/todos/products/melatonin-plus-pastillas-para-dormir-naturales-melatonina-hierba-de-san-juan;
SanaExpert Meno Forte;4,26042E+12;https://sanaexpert.es/collections/todos/products/meno-forte-menopausia-complementos-alimenticios-sofocos;
SanaExpert Mineral Energy;4,26026E+12;https://sanaexpert.es/collections/todos/products/mineral-energy-nutricion-deportiva-bebida-energetica-glicosa-maltodextrina-post-entreno-natural;
SanaExpert Natalis - 1 Unidad;4,26042E+12;https://sanaexpert.es/collections/todos/products/natalis-complemento-alimenticio-12-semanas-embarazo-parto-acido-folico-vitaminas-dha-sin-gluten-sin-lactosa;
SanaExpert Natalis - Pack x 2;4,26042E+12;https://sanaexpert.es/collections/todos/products/natalis-complemento-alimenticio-12-semanas-embarazo-parto-acido-folico-vitaminas-dha-sin-gluten-sin-lactosa;
SanaExpert Natalis - Pack x 3;4,26042E+12;https://sanaexpert.es/collections/todos/products/natalis-complemento-alimenticio-12-semanas-embarazo-parto-acido-folico-vitaminas-dha-sin-gluten-sin-lactosa;
SanaExpert Natalis Lact - 1 Unidad;4,26042E+12;https://sanaexpert.es/collections/todos/products/natalis-lact-complemento-alimenticio-lactancia-parto-yodo-magnesio-vitaminas-dha-sin-gluten-sin-lactosa;
SanaExpert Natalis Lact - Pack x 2;4,26042E+12;https://sanaexpert.es/collections/todos/products/natalis-lact-complemento-alimenticio-lactancia-parto-yodo-magnesio-vitaminas-dha-sin-gluten-sin-lactosa;
SanaExpert Natalis Pre - 1 Unidad;4,26042E+12;https://sanaexpert.es/collections/todos/products/natalis-pre-complemento-alimenticio-12-semanas-embarazo-quedarse-embarazada-acido-folico-vitaminas-vegano;
SanaExpert Natalis Pre - Pack x 2;4,26042E+12;https://sanaexpert.es/collections/todos/products/natalis-pre-complemento-alimenticio-12-semanas-embarazo-quedarse-embarazada-acido-folico-vitaminas-vegano;
SanaExpert Natalis Pre - Pack x 3;4,26042E+12;https://sanaexpert.es/collections/todos/products/natalis-pre-complemento-alimenticio-12-semanas-embarazo-quedarse-embarazada-acido-folico-vitaminas-vegano;
SanaExpert Omega-3;4,26042E+12;https://sanaexpert.es/collections/todos/products/omega-3-natural-reducir-colesterol-antiinflamatorio-concentracion-y-memoria;
SanaExpert Osteo Forte;4,26042E+12;https://sanaexpert.es/collections/todos/products/osteo-forte-complemento-alimenticio-natural-huesos-calcio-vitamina-d-vitamina-d3-zinc;
SanaExpert SportVital Pro;4,26042E+12;https://sanaexpert.es/collections/todos/products/sportvital-pro-complemento-alimenticio-natural-sistema-inmune-entrenamiento-atleta-deporte-vitamina-c-vitamina-b-vitamina-e-metabolismo;
SanaExpert Taurumin;4,26042E+12;https://sanaexpert.es/collections/todos/products/taurumin-complemento-alimenticio-natural-disfuncion-erectil-problemas-de-ereccion-testosterona;
SanaExpert Vision Plus;4,26042E+12;https://sanaexpert.es/collections/todos/products/vision-plus-complemento-alimenticio-vista-cansada-ojo-tagetes-natural;
SanaExpert VitaFertil;4,26042E+12;https://sanaexpert.es/collections/todos/products/vitafertil-complemento-alimenticio-fertilidad-masculina-calidad-esperma-vegano-natural;
Tarjeta Regalo SanaExpert - 25�;4,26042E+12;https://sanaexpert.es/products/gift-card?srsltid=AfmBOoqRwUzidl6iPFQUgPJd2oeG-gFJJAgnMZDTOHEiegDpF_zVwxmK;
Tarjeta Regalo SanaExpert - 50�;4,26042E+12;https://sanaexpert.es/products/gift-card?srsltid=AfmBOoqRwUzidl6iPFQUgPJd2oeG-gFJJAgnMZDTOHEiegDpF_zVwxmK;
Tarjeta Regalo SanaExpert - 100�;4,26042E+12;https://sanaexpert.es/products/gift-card?srsltid=AfmBOoqRwUzidl6iPFQUgPJd2oeG-gFJJAgnMZDTOHEiegDpF_zVwxmK;
Tarjeta Regalo SanaExpert - 150�;4,26042E+12;https://sanaexpert.es/products/gift-card?srsltid=AfmBOoqRwUzidl6iPFQUgPJd2oeG-gFJJAgnMZDTOHEiegDpF_zVwxmK;
