title;price;original_price;url
SanaExpert Haar Forte;24,90 €;29,90 €;https://sanaexpert.es/collections/todos/products/haar-forte-complemento-alimenticio-caida-pelo-biotina-fortalecer-unas-vegano
SanaExpert Haar Forte Gold;27,90 €;34,90 €;https://sanaexpert.es/collections/todos/products/sanaexpert-haar-forte-gold-crecimiento-del-pelo-l-metionina-l-metionina-biotina-zinc
SanaExpert ElaBeauté;24,90 €;34,90 €;https://sanaexpert.es/collections/todos/products/elabeaute-complemento-alimenticio-natural-hidratacion-piel-pelo-unas-colageno-verisol
SanaExpert Acai Berry;24,90 €;28,90 €;https://sanaexpert.es/collections/todos/products/acai-berry-complemento-alimenticio-acelerar-metabolismo-radicales-libres-natural-vegano
Pack Venus - Pack Belleza;73,90 €;;https://sanaexpert.es/collections/todos/products/pack-venus-complemento-alimenticio-natural-nutricosmetica-haar-forte-acai-berry-elabeaute-piel-colageno-caida-pelo-biotina-fortalecer-unas
SanaExpert Collagen Beauty Elixir;39,90 €;49,90 €;https://sanaexpert.es/collections/todos/products/beauty-elixir-vitaminas-nutricosmetica-natural-acido-hialuronico-biotina-colageno-micronutrientes
SanaExpert LeberVital Pro;25,90 €;29,90 €;https://sanaexpert.es/collections/todos/products/lebervital-pro-indigestion-sistema-digestivo-purificacion-detox-acerola-alcachofa-natural-vegano
SanaExpert Osteo Forte;21,90 €;34,90 €;https://sanaexpert.es/collections/todos/products/osteo-forte-complemento-alimenticio-natural-huesos-calcio-vitamina-d-vitamina-d3-zinc
SanaExpert Gastro Forte;21,90 €;;https://sanaexpert.es/collections/todos/products/gastro-forte-complejo-vitaminico-natural-lactobacillus-helicobacter-pylori-ardor-de-estomago
SanaExpert Taurumin;39,90 €;59,90 €;https://sanaexpert.es/collections/todos/products/taurumin-complemento-alimenticio-natural-disfuncion-erectil-problemas-de-ereccion-testosterona
Pack Deseo;44,90 €;;https://sanaexpert.es/collections/todos/products/taurumin-complemento-alimenticio-natural-disfuncion-erectil-problemas-de-ereccion-testosterona-lubricante-con-base-de-agua
SanaExpert Immun Forte;24,90 €;29,90 €;https://sanaexpert.es/collections/todos/products/immun-forte-multivitaminas-sistema-inmune-omega-3-vitamina-c-natural
SanaExpert Arthro Forte;24,90 €;34,90 €;https://sanaexpert.es/collections/todos/products/arthro-forte-complemento-alimenticio-natural-artrosis-articulaciones-huesos-glucosamina
SanaExpert Vision Plus;21,90 €;24,90 €;https://sanaexpert.es/collections/todos/products/vision-plus-complemento-alimenticio-vista-cansada-ojo-tagetes-natural
SanaExpert Omega-3;19,90 €;;https://sanaexpert.es/collections/todos/products/omega-3-natural-reducir-colesterol-antiinflamatorio-concentracion-y-memoria
SanaExpert Melatonin Plus;19,90 €;29,90 €;https://sanaexpert.es/collections/todos/products/melatonin-plus-pastillas-para-dormir-naturales-melatonina-hierba-de-san-juan
SanaExpert Meno Forte;24,90 €;34,90 €;https://sanaexpert.es/collections/todos/products/meno-forte-menopausia-complementos-alimenticios-sofocos
Pack Flora Detox;39,90 €;;https://sanaexpert.es/collections/todos/products/pack-flora-detox-mejora-tu-sistema-digestivo-probioticos-hinchazon-complementos-vitaminicos
SanaExpert VitaFertil;25,90 €;64,90 €;https://sanaexpert.es/collections/todos/products/vitafertil-complemento-alimenticio-fertilidad-masculina-calidad-esperma-vegano-natural
SanaExpert Natalis Pre;15,90 €;19,90 €;https://sanaexpert.es/collections/todos/products/natalis-pre-complemento-alimenticio-12-semanas-embarazo-quedarse-embarazada-acido-folico-vitaminas-vegano
SanaExpert Natalis;23,90 €;39,90 €;https://sanaexpert.es/collections/todos/products/natalis-complemento-alimenticio-12-semanas-embarazo-parto-acido-folico-vitaminas-dha-sin-gluten-sin-lactosa
SanaExpert Natalis Lact;26,90 €;39,90 €;https://sanaexpert.es/collections/todos/products/natalis-lact-complemento-alimenticio-lactancia-parto-yodo-magnesio-vitaminas-dha-sin-gluten-sin-lactosa
Pack Love is in the Air;63,90 €;75,90 €;https://sanaexpert.es/collections/todos/products/love-is-in-the-air-pack-fertilidad-masculina-femenina-natalis-pre-vita-fertil-concebir-infertilidad-futura-mama-futuro-papa-semana-12-embarazo-natural-complemento-alimenticio
SanaExpert Feel Good Mama;67,90 €;79,90 €;https://sanaexpert.es/collections/todos/products/feel-good-mama-maternidad-lactancia-previene-caida-del-pelo-natalis-lact-haar-forte
SanaExpert Baiome Forte;21,90 €;27,90 €;https://sanaexpert.es/collections/todos/products/baiome-forte-complejo-vitaminico-natural-quemagrasas-pastillas-para-adelgazar-te-verde-cafe-verde-capsulas-alcachofa
My Body Lines - Pack Peso Saludable;34,90 €;43,90 €;https://sanaexpert.es/collections/todos/products/figur-aktiv-baiome-forte-pastillas-para-adelgazar-quemagrasas-glucomanano-konjac-cafe-verde-alcachofa-te-verde-natural
SanaExpert Figur Aktiv;21,90 €;32,90 €;https://sanaexpert.es/collections/todos/products/figur-aktiv-pastillas-para-adelgazar-konjac-glucomanano-perder-peso-natural
SanaExpert Creatine Pro (Creapure®);34,90 €;39,90 €;https://sanaexpert.es/collections/todos/products/creatine-pro-complejo-vitaminico-natural-creatina-creapure-entrenamiento-deporte-aminoacidos-rendimiento-deportivo
SanaExpert SportVital Pro;39,90 €;59,90 €;https://sanaexpert.es/collections/todos/products/sportvital-pro-complemento-alimenticio-natural-sistema-inmune-entrenamiento-atleta-deporte-vitamina-c-vitamina-b-vitamina-e-metabolismo
SanaExpert Mineral Energy;23,90 €;29,90 €;https://sanaexpert.es/collections/todos/products/mineral-energy-nutricion-deportiva-bebida-energetica-glicosa-maltodextrina-post-entreno-natural
SanaExpert Amino Liquid;39,90 €;;https://sanaexpert.es/collections/todos/products/amino-liquid-natural-nutricion-deportiva-aminoacidos-entrene-l-arginina-rendimiento-recuperacion-deportiva
SanaExpert BCAA Intense;27,90 €;34,90 €;https://sanaexpert.es/collections/todos/products/bcaa-intense-nutricion-deportiva-aminoacidos-naturales-bca-entrenamiento-masa-muscular-vegano-vegetariano
Pack Love is in the Air;63,90 €;75,90 €;https://sanaexpert.es/collections/todos/products/love-is-in-the-air-pack-fertilidad-masculina-femenina-natalis-pre-vita-fertil-concebir-infertilidad-futura-mama-futuro-papa-semana-12-embarazo-natural-complemento-alimenticio
Pack Venus - Pack Belleza;73,90 €;;https://sanaexpert.es/collections/todos/products/pack-venus-complemento-alimenticio-natural-nutricosmetica-haar-forte-acai-berry-elabeaute-piel-colageno-caida-pelo-biotina-fortalecer-unas
SanaExpert Feel Good Mama;67,90 €;79,90 €;https://sanaexpert.es/collections/todos/products/feel-good-mama-maternidad-lactancia-previene-caida-del-pelo-natalis-lact-haar-forte
Pack Flora Detox;39,90 €;;https://sanaexpert.es/collections/todos/products/pack-flora-detox-mejora-tu-sistema-digestivo-probioticos-hinchazon-complementos-vitaminicos
My Body Lines - Pack Peso Saludable;34,90 €;43,90 €;https://sanaexpert.es/collections/todos/products/figur-aktiv-baiome-forte-pastillas-para-adelgazar-quemagrasas-glucomanano-konjac-cafe-verde-alcachofa-te-verde-natural
Pack Salud;39,90 €;;https://sanaexpert.es/collections/todos/products/pack-salud-omega-3-reducir-colesterol-digestion-detox-antiinflamatorio-acerola-alcachofa
Pack Huesos Fuertes;39,90 €;45,90 €;https://sanaexpert.es/collections/todos/products/arthro-forte-osteo-forte-complemento-alimenticio-natural-articulaciones-huesos-glucosamina-calcio-zinc-vitamina-d3
Pack Deseo;44,90 €;;https://sanaexpert.es/collections/todos/products/taurumin-complemento-alimenticio-natural-disfuncion-erectil-problemas-de-ereccion-testosterona-lubricante-con-base-de-agua